{
    "data":{
        "groups":[{
            "count":372,
            "start":0,
            "materialIndex":0
        }],
        "attributes":{
            "normal":{
                "itemSize":3,
                "type":"Float32Array",
                "array":[-0.0980173,0,0.995185,-0.0980173,0,0.995185,-0.0980173,0,0.995185,-0.290285,0,0.95694,-0.290285,0,0.95694,-0.290285,0,0.95694,-0.471397,0,0.881921,-0.471397,0,0.881921,-0.471397,0,0.881921,-0.634393,0,0.773011,-0.634393,0,0.773011,-0.634393,0,0.773011,-0.77301,0,0.634393,-0.77301,0,0.634393,-0.77301,0,0.634393,-0.881921,0,0.471397,-0.881921,0,0.471397,-0.881921,0,0.471397,-0.95694,0,0.290285,-0.95694,0,0.290285,-0.95694,0,0.290285,-0.995185,0,0.0980167,-0.995185,0,0.0980167,-0.995185,0,0.0980167,-0.995185,0,-0.0980167,-0.995185,0,-0.0980167,-0.995185,0,-0.0980167,-0.95694,0,-0.290285,-0.95694,0,-0.290285,-0.95694,0,-0.290285,-0.881921,0,-0.471397,-0.881921,0,-0.471397,-0.881921,0,-0.471397,-0.77301,0,-0.634393,-0.77301,0,-0.634393,-0.77301,0,-0.634393,-0.634393,0,-0.77301,-0.634393,0,-0.77301,-0.634393,0,-0.77301,-0.471397,0,-0.881921,-0.471397,0,-0.881921,-0.471397,0,-0.881921,-0.290284,0,-0.95694,-0.290284,0,-0.95694,-0.290284,0,-0.95694,-0.0980173,0,-0.995185,-0.0980173,0,-0.995185,-0.0980173,0,-0.995185,0.098018,0,-0.995185,0.098018,0,-0.995185,0.098018,0,-0.995185,0.290285,0,-0.95694,0.290285,0,-0.95694,0.290285,0,-0.95694,0.471397,0,-0.881921,0.471397,0,-0.881921,0.471397,0,-0.881921,0.634394,0,-0.77301,0.634394,0,-0.77301,0.634394,0,-0.77301,0.773011,0,-0.634393,0.773011,0,-0.634393,0.773011,0,-0.634393,0.881922,0,-0.471396,0.881922,0,-0.471396,0.881922,0,-0.471396,0.956941,0,-0.290284,0.956941,0,-0.290284,0.956941,0,-0.290284,0.995185,0,-0.0980163,0.995185,0,-0.0980163,0.995185,0,-0.0980163,0.995185,1.03903e-07,0.0980183,0.995185,1.03903e-07,0.0980183,0.995185,1.03903e-07,0.0980183,0.95694,0,0.290286,0.95694,0,0.290286,0.95694,0,0.290286,0.881921,0,0.471398,0.881921,0,0.471398,0.881921,0,0.471398,0.773009,0,0.634394,0.773009,0,0.634394,0.773009,0,0.634394,0.634392,0,0.773011,0.634392,0,0.773011,0.634392,0,0.773011,0.471395,0,0.881922,0.471395,0,0.881922,0.471395,0,0.881922,0,1,0,0,1,0,0,1,0,0.290283,0,0.956941,0.290283,0,0.956941,0.290283,0,0.956941,0.0980164,0,0.995185,0.0980164,0,0.995185,0.0980164,0,0.995185,0,-1,0,0,-1,0,0,-1,0,-0.0980173,0,0.995185,-0.290285,0,0.95694,-0.471397,0,0.881921,-0.634393,0,0.773011,-0.77301,0,0.634393,-0.881921,0,0.471397,-0.95694,0,0.290285,-0.995185,0,0.0980167,-0.995185,-0,-0.0980167,-0.95694,-0,-0.290285,-0.881921,-0,-0.471397,-0.77301,-0,-0.634393,-0.634393,-0,-0.77301,-0.471397,-0,-0.881921,-0.290284,-0,-0.95694,-0.0980173,-0,-0.995185,0.098018,0,-0.995185,0.290285,0,-0.95694,0.471397,0,-0.881921,0.634394,0,-0.77301,0.773011,0,-0.634393,0.881922,0,-0.471396,0.956941,0,-0.290284,0.995185,-7.76163e-08,-0.0980163,0.995185,-7.76163e-08,-0.0980163,0.995185,-7.76163e-08,-0.0980163,0.995185,0,0.0980183,0.995185,0,0.0980183,0.995185,0,0.0980183,0.95694,0,0.290286,0.881921,0,0.471398,0.773009,0,0.634394,0.634392,0,0.773011,0.471395,0,0.881922,0,1,0,0,1,0,0,1,0,0,1,0,0,1,0,0,1,0,0,1,0,0,1,0,0,1,0,0,1,0,0,1,0,0,1,0,0,1,0,0,1,0,0,1,0,0,1,0,0,1,0,0,1,0,0,1,0,0,1,0,0,1,0,0,1,0,0,1,0,0,1,0,0,1,0,0,1,0,-0,1,0,-0,1,0,0,1,0,0,1,0,0,1,0,0.290283,0,0.956941,0.0980164,0,0.995185,-0,-1,0,-0,-1,0,-0,-1,0,0,-1,0,0,-1,0,0,-1,0,0,-1,0,0,-1,0,0,-1,-0,0,-1,-0,0,-1,-0,0,-1,0,0,-1,0,0,-1,0,0,-1,0,0,-1,0,0,-1,0,0,-1,0,0,-1,0,0,-1,0,0,-1,0,0,-1,0,0,-1,0,0,-1,0,0,-1,0,0,-1,0,0,-1,0,0,-1,0,0,-1,0,0,-1,0,0,-1,0,0,-1,0,0,-1,0,0,-1,0,0,-1,0,0,-1,0,0,-1,-0]
            },
            "position":{
                "itemSize":3,
                "type":"Float32Array",
                "array":[1.23223,4.50362,-1.13607,1.58775,4.57889,-1.10105,1.23223,4.57889,-1.13607,1.58775,4.50362,-1.10105,1.92962,4.57889,-0.997347,1.58775,4.57889,-1.10105,1.92962,4.50362,-0.997347,2.24468,4.57889,-0.828942,1.92962,4.57889,-0.997347,2.24468,4.50362,-0.828942,2.52083,4.57889,-0.602308,2.24468,4.57889,-0.828942,2.52083,4.50362,-0.602308,2.74747,4.57889,-0.326153,2.52083,4.57889,-0.602308,2.74747,4.50362,-0.326153,2.91587,4.57889,-0.0110901,2.74747,4.57889,-0.326153,2.91587,4.50362,-0.0110901,3.01958,4.57889,0.330773,2.91587,4.57889,-0.0110901,3.01958,4.50362,0.330773,3.05459,4.57889,0.686299,3.01958,4.57889,0.330773,3.05459,4.50362,0.686299,3.01958,4.57889,1.04182,3.05459,4.57889,0.686299,3.01958,4.50362,1.04182,2.91587,4.57889,1.38369,3.01958,4.57889,1.04182,2.91587,4.50362,1.38369,2.74747,4.57889,1.69875,2.91587,4.57889,1.38369,2.74747,4.50362,1.69875,2.52083,4.57889,1.97491,2.74747,4.57889,1.69875,2.52083,4.50362,1.97491,2.24468,4.57889,2.20154,2.52083,4.57889,1.97491,2.24468,4.50362,2.20154,1.92962,4.57889,2.36994,2.24468,4.57889,2.20154,1.92962,4.50362,2.36994,1.58775,4.57889,2.47365,1.92962,4.57889,2.36994,1.58775,4.50362,2.47365,1.23223,4.57889,2.50866,1.58775,4.57889,2.47365,1.23223,4.50362,2.50866,0.876702,4.57889,2.47365,1.23223,4.57889,2.50866,0.876702,4.50362,2.47365,0.534839,4.57889,2.36994,0.876702,4.57889,2.47365,0.534839,4.50362,2.36994,0.219776,4.57889,2.20154,0.534839,4.57889,2.36994,0.219776,4.50362,2.20154,-0.056379,4.57889,1.9749,0.219776,4.57889,2.20154,-0.056379,4.50362,1.9749,-0.283013,4.57889,1.69875,-0.056379,4.57889,1.9749,-0.283013,4.50362,1.69875,-0.451418,4.57889,1.38369,-0.283013,4.57889,1.69875,-0.451418,4.50362,1.38369,-0.55512,4.57889,1.04182,-0.451418,4.57889,1.38369,-0.55512,4.50362,1.04182,-0.590136,4.57889,0.686297,-0.55512,4.57889,1.04182,-0.590136,4.50362,0.686297,-0.55512,4.57889,0.330771,-0.590136,4.57889,0.686297,-0.55512,4.50362,0.330771,-0.451416,4.57889,-0.011092,-0.55512,4.57889,0.330771,-0.451416,4.50362,-0.011092,-0.283011,4.57889,-0.326155,-0.451416,4.57889,-0.011092,-0.283011,4.50362,-0.326155,-0.0563765,4.57889,-0.602309,-0.283011,4.57889,-0.326155,-0.0563765,4.50362,-0.602309,0.219779,4.57889,-0.828944,-0.0563765,4.57889,-0.602309,0.219779,4.50362,-0.828944,0.534842,4.57889,-0.997348,0.219779,4.57889,-0.828944,-0.451416,4.50362,-0.011092,0.534839,4.50362,2.36994,2.91587,4.50362,1.38369,0.534842,4.50362,-0.997348,0.876705,4.57889,-1.10105,0.534842,4.57889,-0.997348,0.876705,4.50362,-1.10105,1.23223,4.57889,-1.13607,0.876705,4.57889,-1.10105,3.01958,4.57889,0.330773,1.58775,4.57889,2.47365,-0.55512,4.57889,1.04182,1.58775,4.50362,-1.10105,1.92962,4.50362,-0.997347,2.24468,4.50362,-0.828942,2.52083,4.50362,-0.602308,2.74747,4.50362,-0.326153,2.91587,4.50362,-0.0110901,3.01958,4.50362,0.330773,3.05459,4.50362,0.686299,3.01958,4.50362,1.04182,2.91587,4.50362,1.38369,2.74747,4.50362,1.69875,2.52083,4.50362,1.97491,2.24468,4.50362,2.20154,1.92962,4.50362,2.36994,1.58775,4.50362,2.47365,1.23223,4.50362,2.50866,0.876702,4.50362,2.47365,0.534839,4.50362,2.36994,0.219776,4.50362,2.20154,-0.056379,4.50362,1.9749,-0.283013,4.50362,1.69875,-0.451418,4.50362,1.38369,-0.55512,4.50362,1.04182,-0.55512,4.50362,1.04182,-0.590136,4.50362,0.686297,-0.590136,4.57889,0.686297,-0.590136,4.50362,0.686297,-0.55512,4.50362,0.330771,-0.55512,4.57889,0.330771,-0.451416,4.50362,-0.011092,-0.283011,4.50362,-0.326155,-0.0563765,4.50362,-0.602309,0.219779,4.50362,-0.828944,0.534842,4.50362,-0.997348,1.92962,4.50362,-0.997347,1.58775,4.50362,-1.10105,1.23223,4.50362,-1.13607,0.876705,4.50362,-1.10105,0.534842,4.50362,-0.997348,0.219779,4.50362,-0.828944,-0.0563765,4.50362,-0.602309,-0.283011,4.50362,-0.326155,-0.55512,4.50362,0.330771,-0.590136,4.50362,0.686297,-0.55512,4.50362,1.04182,-0.451418,4.50362,1.38369,-0.283013,4.50362,1.69875,-0.056379,4.50362,1.9749,0.219776,4.50362,2.20154,0.876702,4.50362,2.47365,1.23223,4.50362,2.50866,1.58775,4.50362,2.47365,1.92962,4.50362,2.36994,2.24468,4.50362,2.20154,2.52083,4.50362,1.97491,2.52083,4.50362,1.97491,2.74747,4.50362,1.69875,2.91587,4.50362,1.38369,3.01958,4.50362,1.04182,3.05459,4.50362,0.686299,3.01958,4.50362,0.330773,2.91587,4.50362,-0.0110901,2.74747,4.50362,-0.326153,2.52083,4.50362,-0.602308,2.24468,4.50362,-0.828942,