{
    "faces":[32,13,1,5,0,0,0,32,5,4,3,1,1,1,32,3,2,0,2,2,2,32,0,7,11,3,3,3,32,11,10,9,4,4,4,32,9,8,6,5,5,5,32,6,19,23,6,6,6,32,23,22,21,7,7,7,32,21,20,18,8,8,8,32,18,12,14,9,9,9,32,14,15,16,10,10,10,32,16,17,13,11,11,11,32,13,5,3,12,12,12,32,3,0,11,13,13,13,32,11,9,6,14,14,14,32,6,23,21,15,15,15,32,21,18,14,16,16,16,32,14,16,13,17,17,17,32,13,3,11,18,18,18,32,11,6,21,19,19,19,32,21,14,13,20,20,20,32,11,21,13,21,21,21],
    "metadata":{
        "faces":22,
        "uvs":0,
        "vertices":24,
        "generator":"io_three",
        "version":3,
        "type":"Geometry",
        "normals":22
    },
    "uvs":[],
    "normals":[0.00283454,-0.000709066,0.999996,0.00283472,-0.00070874,0.999996,0.00283404,-0.000709578,0.999996,0.00283433,-0.000708197,0.999996,0.00283484,-0.000709895,0.999996,0.00283349,-0.00070876,0.999996,0.00283455,-0.000709066,0.999996,0.00283475,-0.000708719,0.999996,0.00283404,-0.000709573,0.999996,0.00283433,-0.000708203,0.999996,0.00283484,-0.000709899,0.999996,0.00283347,-0.000708754,0.999996,0.00283428,-0.000709069,0.999996,0.00283433,-0.000708669,0.999996,0.00283419,-0.000708993,0.999996,0.00283428,-0.000709069,0.999996,0.00283433,-0.000708661,0.999996,0.0028342,-0.000708996,0.999996,0.00283432,-0.000709066,0.999996,0.0028343,-0.000709068,0.999996,0.00283432,-0.000709087,0.999996,0.00283432,-0.000709069,0.999996],
    "vertices":[8.19438,10.3499,3.17893,9.98618,8.59387,3.1726,8.74798,10.2641,3.1773,9.24742,10.0147,3.17571,9.64383,9.62619,3.17431,9.89838,9.13661,3.17324,-0.836815,8.59144,3.20328,0.954205,10.3483,3.19945,-0.749258,9.13423,3.20342,-0.494915,9.62392,3.20304,-0.0986848,10.0126,3.20219,0.400648,10.2622,3.20096,8.19674,-0.261783,3.1714,9.98776,1.49505,3.16757,8.7503,-0.175694,3.16989,9.24963,0.0739017,3.16865,9.64586,0.46257,3.1678,9.9002,0.952264,3.16743,0.956563,-0.263406,3.19192,-0.835238,1.49262,3.19824,0.402967,-0.177565,3.19355,-0.0964761,0.0718064,3.19514,-0.492879,0.460296,3.19654,-0.747439,0.949877,3.19761]
}